date,sentiment.comparative,sentiment.negative_count,sentiment.positive_count,sentiment.score,time
"2007-12-30",0.03529411764705882,8,15,21,"06:51:05"
"2007-12-31",0.08403361344537816,1,5,10,"18:10:50"
"2008-01-27",0.07142857142857142,4,17,25,"07:09:58"
"2008-02-09",0.04242424242424243,100,171,161,"06:07:29"
"2008-02-19",0.0282574568288854,14,24,18,"08:39:07"
"2008-02-19",0.05154639175257732,0,3,5,"20:56:54"
"2008-02-26",0.029661016949152543,3,6,7,"05:40:39"
"2008-03-12",-0.028641571194762683,66,60,-35,"01:49:23"
"2008-03-30",0,2,2,0,"07:19:44"
"2008-04-26",-0.11071428571428571,74,33,-124,"08:02:46"
"2008-04-27",0.03471074380165289,23,31,21,"17:56:26"
"2008-04-28",0.1342925659472422,4,31,56,"02:53:04"
"2008-05-01",-0.08585055643879173,39,30,-54,"04:49:38"
"2008-05-04",0.011286681715575621,18,19,5,"19:26:53"
"2008-05-06",0.05353955978584176,33,85,90,"02:44:18"
"2008-05-06",0.011560693641618497,3,5,4,"03:01:57"
"2008-05-21",0.01634472511144131,23,27,11,"06:14:44"
"2008-05-28",-0.01694915254237288,4,5,-1,"04:13:34"
"2008-07-18",-0.05970149253731343,38,24,-32,"19:22:02"
"2008-07-18",0.01730769230769231,50,60,18,"19:29:23"
"2008-08-21",0.07259953161592506,21,46,62,"10:21:16"
"2008-08-22",0.01818181818181818,18,17,7,"08:04:54"
"2008-08-25",0.03125,5,10,8,"06:38:38"
"2008-08-27",0.05889423076923077,26,80,98,"23:05:11"
"2008-08-30",0.05776892430278884,11,29,29,"08:50:19"
"2008-09-20",-0.023652365236523653,77,68,-43,"08:10:28"
"2008-09-20",0.06735751295336788,5,26,39,"08:47:00"
"2008-09-23",-0.13636363636363635,1,0,-3,"04:17:07"
"2008-09-24",0.07073791348600508,21,96,139,"02:03:12"
"2008-09-24",-0.2714285714285714,12,4,-38,"02:04:06"
"2008-09-24",0.023454157782515993,12,22,11,"02:04:13"
"2008-09-24",-0.05286343612334802,37,47,-36,"02:04:19"
"2008-09-24",0.11571841851494696,12,73,120,"02:04:29"
"2008-10-01",0.04620123203285421,34,67,45,"05:15:29"
"2008-10-02",0.03555878084179971,36,61,49,"06:25:15"
"2008-10-03",0.018808777429467086,54,69,36,"07:28:57"
"2008-10-04",0.05244755244755245,4,13,15,"02:05:38"
"2008-11-23",0.10256410256410256,7,44,72,"22:36:55"
"2008-12-03",0.03771661569826707,21,40,37,"20:57:00"
"2008-12-08",-0.027888446215139442,26,19,-21,"06:03:22"
"2008-12-09",0.005305039787798408,4,7,2,"21:14:21"
"2008-12-11",0.001549186676994578,103,109,4,"23:27:59"
"2008-12-11",0.019138755980861243,2,7,8,"23:46:55"
"2009-01-17",-0.10276679841897234,23,5,-26,"07:23:12"
"2009-01-22",0.030470914127423823,6,12,11,"20:39:03"
"2009-02-05",-0.0053106744556558685,59,67,-10,"01:07:08"
"2009-02-07",-0.05047619047619047,56,36,-53,"08:53:09"
"2009-02-13",-0.01443298969072165,40,35,-14,"04:50:31"
"2009-02-14",-0.019801980198019802,26,28,-12,"01:59:22"
"2009-02-20",0.06872852233676977,6,22,40,"07:15:30"
"2009-03-05",-0.03225806451612903,14,12,-15,"05:05:46"
"2009-03-09",0.039923954372623575,10,17,21,"08:31:48"
"2009-03-24",0.04918032786885246,3,5,6,"07:44:55"
"2009-04-16",0.013960703205791106,57,80,27,"02:12:24"
"2009-04-17",0.02901023890784983,26,43,34,"23:22:13"
"2009-04-23",0.032915360501567396,35,52,42,"08:06:58"
"2009-04-27",0.08507462686567165,4,32,57,"05:00:25"
"2009-04-28",0.0851063829787234,1,4,8,"07:44:44"
"2009-05-13",-0.03923357664233577,114,85,-86,"06:03:46"
"2009-05-18",-0.04953560371517028,20,12,-16,"04:44:45"
"2009-06-21",0.04281098546042003,20,43,53,"01:40:26"
"2009-06-29",0.04655493482309125,9,20,25,"06:41:46"
"2009-07-10",0.03088803088803089,12,15,8,"18:05:26"
"2009-07-11",-0.052845528455284556,11,6,-13,"06:39:45"
"2009-07-20",-0.021761658031088083,45,34,-21,"14:49:25"
"2009-07-24",0.0010660980810234541,27,32,1,"17:47:02"
"2009-08-13",0.006928406466512702,31,39,6,"02:54:10"
"2009-08-23",0.04065040650406504,2,5,5,"17:59:24"
"2009-09-08",0.006622516556291391,13,13,2,"01:33:27"
"2009-09-14",0.048500319081046586,32,69,76,"01:22:58"
"2009-09-17",0.01964769647696477,55,71,29,"03:34:49"
"2009-09-24",0.425,0,7,17,"02:04:59"
"2009-10-01",0.0625,12,26,37,"14:14:31"
"2009-10-04",0.03367875647668394,61,108,91,"22:29:50"
"2009-10-08",-0.18967452300785634,86,39,-169,"01:03:23"
"2009-10-14",0.0109204368174727,21,30,7,"05:02:03"
"2009-10-20",-0.03661513425549227,91,67,-90,"00:40:52"
"2009-10-20",-0.046966731898238745,24,19,-24,"23:06:12"
"2009-10-21",0.0016406890894175555,54,65,2,"05:59:04"
"2009-10-29",0.008456659619450317,75,106,20,"05:51:17"
"2009-11-04",0.05824372759856631,31,64,65,"05:42:13"
"2010-02-08",-0.0178826895565093,59,48,-25,"02:58:52"
"2010-09-13",-0.10752688172043011,6,1,-10,"16:29:45"
"2011-02-21",0.003911342894393742,83,99,9,"23:51:46"
"2011-03-03",0.05707584050039093,19,50,73,"02:44:39"
"2011-03-07",0.03610267896613716,816,1498,1225,"06:17:09"
"2011-03-09",-0.08628318584070796,21,14,-39,"14:33:32"
"2011-03-10",0.013201320132013201,8,7,4,"07:15:30"
"2011-03-18",-0.06504065040650407,7,3,-8,"02:28:32"
"2011-03-20",0.008968609865470852,16,20,4,"02:12:36"
"2011-03-20",0.053712480252764615,8,48,68,"17:07:49"
"2011-03-25",0.038600723763570564,12,25,32,"06:23:24"
"2011-04-10",0.046419098143236075,8,28,35,"00:56:45"
"2011-04-14",0.0413457181694608,105,293,365,"05:02:52"
"2011-04-22",0.04472843450479233,5,7,14,"07:22:56"
"2011-04-23",0.038777908343125736,61,95,66,"08:34:00"
"2011-10-19",0,0,0,0,"00:35:22"
"2011-10-19",0.028037383177570093,23,33,21,"09:17:26"
"2011-10-20",-0.0027472527472527475,7,3,-1,"04:18:55"
"2011-10-20",0.024253731343283583,14,21,13,"21:22:55"
"2011-10-21",0.03209876543209877,6,13,13,"10:30:42"
"2011-10-21",0.1391304347826087,4,27,48,"12:42:19"
"2011-10-21",0.05263157894736842,0,3,5,"13:40:59"
"2011-10-25",0.024739583333333332,13,22,19,"04:42:57"
"2011-10-25",-0.02857142857142857,9,9,-7,"06:53:15"
"2011-10-30",0.012875536480686695,6,11,6,"05:24:00"
"2011-10-31",-0.028790786948176585,19,9,-15,"10:43:34"
"2011-11-03",-0.021897810218978103,3,1,-3,"05:31:15"
"2011-11-21",0.04684317718940937,0,13,23,"02:17:15"
"2012-01-20",0,3,2,0,"10:43:56"
"2012-02-17",0.05063291139240506,2,7,8,"05:53:32"
"2012-05-13",0.06415929203539823,37,101,116,"20:52:38"
"2012-11-10",0.035794183445190156,27,41,32,"19:09:25"
"2012-11-10",0.035794183445190156,27,41,32,"19:09:40"
"2012-11-12",0.04032258064516129,10,27,30,"00:22:31"
"2012-11-12",0.04032258064516129,10,27,30,"00:22:44"
"2012-12-13",0.15306122448979592,2,21,45,"06:54:55"
"2012-12-13",0.04975124378109453,4,26,30,"08:34:23"
"2013-01-02",0.07958626634104296,139,435,554,"02:49:47"
"2013-01-06",0.039093484419263455,41,83,69,"14:59:33"
"2013-01-07",0.07847533632286996,7,25,35,"22:21:46"
"2013-01-08",0,0,0,0,"03:00:40"
"2013-01-13",0.041791044776119404,16,31,28,"01:22:38"
"2013-01-13",0.041728763040238454,16,31,28,"01:22:57"
"2013-01-13",0.022813688212927757,7,8,6,"10:11:08"
"2013-01-17",0.047058823529411764,0,3,4,"03:28:40"
"2013-01-28",-0.007407407407407408,2,1,-1,"18:34:28"
"2013-01-31",0.07142857142857142,2,20,32,"14:37:33"
"2013-02-04",0.04390243902439024,3,9,9,"10:25:08"
"2013-02-07",0,0,0,0,"00:46:55"
"2013-02-10",0.013986013986013986,6,5,4,"18:37:18"
"2013-02-11",-0.05803571428571429,46,29,-52,"01:07:36"
"2013-02-15",0.06666666666666667,4,11,15,"23:12:25"
"2013-02-17",0,0,0,0,"15:23:54"
"2013-02-22",-0.024390243902439025,1,0,-1,"23:53:17"
"2013-02-23",0.06374501992031872,13,26,16,"02:24:41"
"2013-02-23",0.06460945033751206,26,57,67,"17:45:03"
"2013-02-23",-0.08393285371702638,21,7,-35,"20:25:15"
"2013-02-24",0.06624012043658262,26,121,176,"20:25:37"
"2013-02-25",0.08047690014903129,12,38,54,"03:32:35"
"2013-02-25",0.019230769230769232,0,1,1,"03:40:00"
"2013-02-28",0.05555555555555555,1,4,7,"07:16:31"
"2013-03-04",0.04597701149425287,0,3,4,"02:20:56"
"2013-03-20",0.05701754385964912,16,42,39,"02:09:28"
"2013-03-24",0,0,0,0,"18:55:27"
"2013-03-28",0.057649667405764965,48,94,104,"04:33:10"
"2013-03-28",0.050134288272157566,20,52,56,"20:41:42"
"2013-04-03",0.06718172657037286,145,361,400,"17:50:05"
"2013-04-04",0,0,0,0,"19:36:34"
"2013-04-13",0.08757819481680071,22,69,98,"16:33:03"
"2013-04-14",0.049891540130151846,3,13,23,"15:44:58"
"2013-04-18",0.09375,1,4,6,"02:43:41"
"2013-04-18",0,8,7,0,"06:53:00"
"2013-04-26",0.11853448275862069,9,35,55,"15:09:26"
"2013-05-02",0.09090909090909091,0,4,6,"12:04:35"
"2013-05-03",0.026415094339622643,2,6,7,"10:36:00"
"2013-05-03",0.07217847769028872,12,40,55,"11:15:00"
"2013-05-03",0.05303030303030303,1,3,7,"12:28:00"
"2013-05-04",0.011097410604192354,15,24,9,"16:50:00"
"2013-05-05",0.03731343283582089,0,2,5,"19:30:04"
"2013-05-06",-0.005439709882139619,48,42,-6,"19:06:06"
"2013-05-06",-0.005439709882139619,48,42,-6,"19:06:58"
"2013-05-06",0,0,0,0,"19:17:20"
"2013-05-19",0.016025641025641024,5,5,5,"14:25:50"
"2013-05-24",0.0027472527472527475,3,2,1,"18:09:52"
"2013-06-12",-0.041379310344827586,6,7,-6,"14:02:34"
"2013-06-12",-0.041379310344827586,6,7,-6,"14:02:54"
"2013-06-29",0.039603960396039604,1,4,4,"13:50:37"
"2013-06-29",0.039603960396039604,1,4,4,"13:51:49"
"2013-07-11",0.07056451612903226,22,56,70,"03:21:49"
"2013-07-12",0.0891089108910891,11,39,63,"03:16:13"
"2013-07-12",0.011049723756906077,9,12,6,"04:19:02"
"2013-07-13",0.09245283018867924,11,31,49,"04:43:18"
"2013-07-20",0.003367003367003367,9,5,1,"09:23:56"
"2013-07-20",0.04984423676012461,6,15,16,"09:50:05"
"2013-07-20",0.043478260869565216,0,1,1,"10:03:35"
"2013-07-24",0.03686635944700461,29,46,40,"10:51:49"
"2013-07-26",0.051291939838025456,67,134,133,"20:49:42"
"2013-07-28",0.01744186046511628,9,13,6,"04:23:21"
"2013-07-30",0.05756578947368421,19,52,70,"03:45:42"
"2013-07-30",0.08008213552361396,8,32,39,"11:33:25"
"2013-07-31",0.05571565802113353,26,55,58,"01:43:32"
"2013-07-31",0.030245746691871456,42,70,48,"02:17:25"
"2013-07-31",0.14088159031979255,17,101,163,"23:51:07"
"2013-08-01",0.03910614525139665,6,16,21,"00:18:06"
"2013-08-09",0.04531001589825119,22,48,57,"23:50:08"
"2013-08-11",0.09507042253521127,10,39,54,"14:28:46"
"2013-08-12",0.05405405405405406,6,24,30,"23:56:43"
"2013-08-13",0.04205607476635514,5,9,9,"20:29:36"
"2013-08-18",0.08456843940714909,16,65,97,"02:27:06"
"2013-08-20",0,3,3,0,"00:21:32"
"2013-08-20",0,0,0,0,"19:48:39"
"2013-08-21",0.056672760511883,19,31,31,"01:12:39"
"2013-08-22",0,0,0,0,"18:00:05"
"2013-08-26",0.04054054054054054,3,11,12,"09:17:16"
"2013-08-30",0.056,24,73,91,"17:06:36"
"2013-09-04",-0.04741379310344827,11,7,-11,"01:40:19"
"2013-09-04",0.07533234859675036,11,40,51,"16:01:25"
"2013-09-04",0.047619047619047616,0,5,8,"19:14:33"
"2013-09-04",-0.5714285714285714,1,0,-4,"19:39:48"
"2013-09-05",0,0,0,0,"13:13:47"
"2013-09-09",0.021632937892533146,29,44,31,"06:48:31"
"2013-09-09",-0.030927835051546393,12,11,-12,"08:56:12"
"2013-09-10",1,0,4,9,"09:40:21"
"2013-09-12",0.013824884792626729,11,15,6,"05:54:00"
"2013-09-18",0.022727272727272728,1,2,2,"18:08:29"
"2013-09-22",0.04143646408839779,11,21,15,"17:44:10"
"2013-09-23",0,1,2,0,"04:36:33"
"2013-09-27",0.08717105263157894,10,42,53,"11:43:51"
"2013-09-27",0.0384807596201899,39,75,77,"16:28:21"
"2013-09-28",-0.05555555555555555,1,0,-1,"18:54:46"
"2013-09-29",0.03647798742138365,40,82,58,"19:48:59"
"2013-09-30",0.011937557392102846,26,31,13,"17:21:51"
"2013-10-02",-0.008254230293025175,79,67,-20,"11:52:12"
"2013-10-02",0.030982905982905984,34,61,58,"19:15:51"
"2013-10-06",0,0,0,0,"16:15:48"
"2013-10-12",0.038560411311053984,26,37,30,"21:09:02"
"2013-10-14",0.047619047619047616,7,16,17,"06:17:56"
"2013-10-17",0.08558558558558559,6,13,19,"08:56:17"
"2013-10-17",0,0,0,0,"09:12:36"
"2013-10-18",0.0711645101663586,12,48,77,"09:13:32"
"2013-10-19",0,0,0,0,"17:45:40"
"2013-10-20",0,0,0,0,"10:11:04"
"2013-10-20",0.11784511784511785,5,21,35,"14:54:29"
"2013-10-20",0,0,0,0,"15:31:42"
"2013-10-20",0.08108108108108109,0,2,3,"16:28:49"
"2013-10-20",0.023391812865497075,2,5,8,"18:38:00"
"2013-10-21",0.09615384615384616,3,7,10,"12:42:14"
"2013-10-22",0.13008130081300814,4,13,16,"09:29:18"
"2013-10-22",0.11627906976744186,1,7,10,"11:14:02"
"2013-10-22",0.05289256198347107,16,31,32,"11:19:07"
"2013-10-22",0.05063291139240506,0,1,4,"11:37:04"
"2013-10-22",0.09090909090909091,0,2,2,"15:24:57"
"2013-10-23",0,0,0,0,"06:32:14"
"2013-10-24",-0.017578125,17,14,-9,"09:52:54"
"2013-10-24",0.06871609403254973,10,28,38,"10:30:39"
"2013-10-26",0,0,0,0,"11:29:22"
"2013-10-26",0.08533653846153846,21,57,71,"11:30:04"
"2013-10-26",-0.027777777777777776,1,0,-1,"12:28:09"
"2013-10-26",0.013071895424836602,1,2,2,"19:36:04"
"2013-10-27",0,0,0,0,"05:46:06"
"2013-10-31",-0.002886002886002886,31,32,-2,"18:16:29"
"2013-11-01",0.06642066420664207,5,24,36,"13:24:57"
"2013-11-02",0,0,0,0,"15:57:22"
"2013-11-03",0,0,0,0,"12:17:24"
"2013-11-07",0.06350053361792957,26,86,119,"05:58:03"
"2013-11-07",-0.027777777777777776,1,1,-1,"10:21:52"
"2013-11-07",0.08560311284046693,9,14,22,"11:31:02"
"2013-11-07",0,0,0,0,"11:55:01"
"2013-11-08",0.07362534948741846,17,53,79,"07:39:57"
"2013-11-08",0.16666666666666666,0,1,2,"10:43:48"
"2013-11-08",0.044676530316217,59,130,154,"11:04:37"
"2013-11-09",0.18181818181818182,1,3,4,"12:52:07"
"2013-11-09",0,0,0,0,"15:06:47"
"2013-11-12",0,0,0,0,"06:16:00"
"2013-11-14",0,0,0,0,"03:44:44"
"2013-11-14",-0.3,4,0,-12,"10:27:31"
"2013-11-16",0.043824701195219126,16,24,22,"05:39:00"
"2013-11-21",0,0,0,0,"14:03:15"
"2013-11-21",0.049099836333878884,11,35,30,"19:32:13"
"2013-11-22",-0.008875739644970414,46,40,-12,"09:42:42"
"2013-11-22",-0.013232514177693762,21,21,-7,"15:29:13"
"2013-11-24",-0.05454545454545454,2,1,-3,"05:09:32"
"2013-12-02",-0.07766990291262135,5,1,-8,"15:35:23"
"2013-12-03",-0.027555555555555555,37,24,-31,"16:34:41"
"2013-12-05",0,0,0,0,"17:17:01"
"2013-12-08",0.05405405405405406,0,1,2,"15:32:03"
"2013-12-09",0.010243277848911651,27,27,8,"16:43:06"
"2013-12-09",0.0399002493765586,9,19,16,"18:16:15"
"2013-12-10",0.0498793242156074,28,83,62,"09:57:10"
"2013-12-10",-0.15789473684210525,1,0,-3,"14:59:22"
"2013-12-14",0.041353383458646614,7,13,11,"20:38:58"
"2013-12-15",0.026303428839830906,74,113,56,"17:52:02"
"2013-12-17",0,0,0,0,"16:58:11"
"2013-12-18",0.11042944785276074,6,12,18,"01:48:10"
"2013-12-19",0.0196078431372549,0,1,1,"22:16:58"
"2013-12-21",0.3333333333333333,0,1,3,"14:58:28"
"2013-12-23",-0.13163064833005894,47,16,-67,"12:15:01"
"2013-12-23",0.014675052410901468,10,16,7,"16:11:20"
"2013-12-24",0.04092071611253197,11,24,16,"21:33:17"
"2013-12-30",0.5,0,1,2,"23:47:41"
"2013-12-31",0.07104736490993996,97,343,426,"00:46:07"
"2013-12-31",0.049479166666666664,11,25,19,"06:19:05"
"2014-01-01",0.05785123966942149,1,5,7,"17:44:39"
"2014-01-02",0.019886363636363636,23,29,14,"14:15:41"
"2014-01-02",0,0,0,0,"18:30:04"
"2014-01-03",-0.058823529411764705,1,2,-1,"16:05:31"
"2014-01-03",0.2962962962962963,3,10,16,"17:15:43"
"2014-01-03",0,0,0,0,"20:54:05"
"2014-01-04",0.25,0,1,2,"13:14:35"
"2014-01-05",0,0,0,0,"22:46:11"
"2014-01-07",0.02564102564102564,0,1,1,"14:23:36"
"2014-01-07",0.05489260143198091,14,38,46,"23:53:13"
"2014-01-08",0.028353787558188744,39,83,67,"01:25:57"
"2014-01-08",-0.019801980198019802,2,0,-2,"14:13:16"
"2014-01-08",0.0710128055878929,26,77,122,"23:54:04"
"2014-01-09",0.14814814814814814,0,2,4,"13:34:47"
"2014-01-10",0.09641873278236915,17,71,105,"00:30:46"
"2014-01-10",0.11567164179104478,1,14,31,"15:15:20"
"2014-01-20",0.061946902654867256,17,46,56,"02:25:14"
"2014-01-21",0.07780082987551867,9,61,75,"10:49:10"
"2014-01-25",0.03885480572597137,1,12,19,"23:39:20"
"2014-01-26",0.03225806451612903,1,4,5,"12:20:46"
"2014-01-26",0,0,0,0,"18:48:14"
"2014-01-28",0.026717557251908396,4,10,14,"16:46:53"
"2014-02-02",0,0,0,0,"22:45:13"
"2014-02-03",-0.0051813471502590676,4,3,-1,"14:04:35"
"2014-02-03",0,0,0,0,"18:22:09"
"2014-02-04",0,0,0,0,"16:29:46"
"2014-02-05",0,0,0,0,"14:06:56"
"2014-02-15",0.022988505747126436,0,1,2,"05:34:11"
"2014-02-15",0.1092436974789916,0,7,13,"20:57:34"
"2014-02-20",0.02564102564102564,0,3,6,"04:00:48"
"2014-02-20",0.1044776119402985,0,4,7,"13:33:58"
"2014-02-24",-0.013333333333333334,1,0,-1,"19:27:49"
"2014-02-27",0.028735632183908046,3,5,5,"01:55:30"
"2014-03-07",0.02247191011235955,0,1,2,"18:08:37"
"2014-03-07",0.04,0,2,2,"19:09:22"
"2014-03-20",0.015779092702169626,7,15,8,"15:02:38"
"2014-03-22",0,2,1,0,"15:22:15"
"2014-03-23",0.021052631578947368,1,3,4,"00:02:39"
"2014-03-23",0,0,0,0,"05:26:49"
"2014-03-24",0.009009009009009009,0,1,1,"14:54:25"
"2014-03-26",0.05555555555555555,1,3,3,"05:20:17"
"2014-03-27",0.013745704467353952,3,5,4,"00:07:06"
"2014-04-02",-0.15384615384615385,1,0,-2,"06:40:11"
"2014-04-09",0.043478260869565216,0,1,1,"17:00:11"
"2014-04-10",-0.010344827586206896,26,22,-6,"15:10:22"
"2014-04-12",0,1,1,0,"04:10:11"
"2014-04-13",0.02631578947368421,4,10,11,"15:34:27"
"2014-04-16",-0.030303030303030304,9,10,-7,"03:47:57"
"2014-04-17",0.010443864229765013,15,15,4,"19:54:11"
"2014-04-19",0.06596306068601583,2,14,25,"22:29:14"
"2014-04-20",0.015873015873015872,2,5,2,"01:20:28"
"2014-04-22",0.01529051987767584,57,81,30,"01:37:30"
"2014-04-23",-0.024193548387096774,4,2,-3,"00:49:41"
"2014-04-28",-0.07591623036649214,28,13,-29,"03:56:33"
"2014-05-02",0.0625,9,17,21,"15:16:55"
"2014-05-04",0.14285714285714285,0,1,2,"18:31:14"
"2014-05-08",-0.005952380952380952,29,30,-4,"00:22:59"
"2014-05-10",0,0,0,0,"00:59:42"
"2014-05-12",-0.04365079365079365,30,26,-22,"12:38:50"
"2014-05-13",0,0,0,0,"16:51:41"
"2014-05-13",0.3333333333333333,2,14,32,"23:39:07"
"2014-05-15",0,0,0,0,"01:07:31"
"2014-05-16",0.01694915254237288,10,13,6,"01:02:45"
"2014-05-16",0.03592814371257485,14,33,30,"01:22:09"
"2014-05-17",0,0,0,0,"00:40:07"
"2014-05-18",0.05426356589147287,5,12,7,"17:51:13"
"2014-05-19",0.18226600985221675,2,23,37,"13:59:55"
"2014-05-22",0.010876519513755598,46,60,17,"14:33:37"
"2014-05-22",0.0368,14,21,23,"15:18:19"
"2014-05-22",0.04424778761061947,3,5,5,"15:52:38"
"2014-05-23",0.07801418439716312,4,18,22,"01:27:19"
"2014-05-27",0.09411764705882353,14,61,80,"15:23:43"
"2014-05-28",0.11312217194570136,1,15,25,"16:02:19"
"2014-05-29",0.04048582995951417,6,16,10,"21:40:45"
"2014-06-04",-0.006083650190114068,100,108,-16,"00:22:06"
"2014-06-05",0.07471264367816093,1,16,26,"02:59:28"
"2014-06-21",0.10526315789473684,9,18,22,"22:30:38"
"2014-06-24",0.05448717948717949,15,42,51,"01:28:49"
"2014-06-25",0.06686746987951807,23,96,111,"01:25:39"
"2014-06-25",-0.06369426751592357,8,5,-10,"19:52:47"
"2014-06-25",0.11333333333333333,2,8,17,"21:32:40"
"2014-06-29",0.012738853503184714,44,65,16,"16:39:51"
"2014-06-29",0.08705882352941176,8,29,37,"19:53:49"
"2014-06-29",-0.04054054054054054,58,37,-48,"20:48:42"
"2014-06-29",0.1,28,106,158,"23:16:53"
"2014-06-30",0.02727272727272727,31,63,36,"01:22:52"
"2014-06-30",0.05,0,3,5,"10:48:01"
"2014-07-15",0.08408796895213454,8,44,65,"13:13:24"
"2014-07-20",-0.061224489795918366,2,0,-3,"17:49:24"
"2014-07-22",0.10975609756097561,1,18,36,"10:34:28"
"2014-07-22",0.12727272727272726,0,3,7,"10:35:11"
"2014-07-22",0.03859649122807018,3,7,11,"10:35:30"
"2014-07-22",0.04519774011299435,6,8,8,"10:42:14"
"2014-07-22",0,4,7,0,"10:58:13"
"2014-07-25",0.05587557603686636,23,80,97,"18:51:25"
"2014-07-25",0.04355108877721943,23,54,52,"19:37:39"
"2014-07-27",0.09539121114683816,17,58,89,"23:29:23"
"2014-07-29",0.12154696132596685,7,76,132,"01:02:31"
"2014-07-29",0.08740359897172237,10,33,34,"01:54:26"
"2014-08-02",-0.0196078431372549,3,3,-1,"20:25:59"
"2014-08-03",-0.04,1,0,-1,"17:02:36"
"2014-08-03",0.019359299377736807,131,192,84,"17:04:32"
"2014-08-04",0.04403567447045708,36,71,79,"23:35:45"
"2014-08-06",0.07023809523809524,37,99,118,"01:14:58"
"2014-08-07",0.05091937765205092,19,40,36,"00:47:19"
"2014-08-07",0.09965034965034965,4,29,57,"02:06:42"
"2014-08-08",0.0356489945155393,23,50,39,"02:09:48"
"2014-08-12",0.05029469548133595,47,106,128,"00:51:12"
"2014-08-12",0.03179824561403509,14,33,29,"10:44:43"
"2014-08-12",0.024539877300613498,14,25,16,"22:28:15"
"2014-08-13",0.00837138508371385,33,49,11,"11:29:13"
"2014-08-13",0.058394160583941604,2,8,8,"12:31:47"
"2014-08-13",0.01168871116579514,80,101,38,"12:54:50"
"2014-08-14",0.07222844344904815,29,92,129,"01:52:05"
"2014-08-14",0.035781544256120526,7,19,19,"10:36:52"
"2014-08-15",0.04985994397759104,34,92,89,"01:34:23"
"2014-08-15",0.038461538461538464,18,33,23,"02:16:30"
"2014-08-15",0.03938115330520394,17,36,28,"10:21:39"
"2014-08-16",0.03819444444444445,11,19,11,"01:05:27"
"2014-08-16",0.08163265306122448,2,11,16,"13:43:12"
"2014-08-17",0.03773584905660377,7,17,14,"12:34:35"
"2014-08-17",0.036458333333333336,20,29,21,"23:53:34"
"2014-08-19",0.09388335704125178,7,47,66,"00:14:49"
"2014-08-20",0,0,0,0,"01:15:24"
"2014-08-20",0.06951871657754011,1,10,13,"12:06:17"
"2014-08-21",0.06695156695156695,10,37,47,"18:13:14"
"2014-08-25",0,2,2,0,"12:09:11"
"2014-08-26",0.05288932419196866,26,57,54,"12:56:01"
"2014-08-27",0.0705521472392638,4,17,23,"12:06:13"
"2014-08-27",0.06756756756756757,5,11,15,"12:32:26"
"2014-08-28",0.08169014084507042,4,19,29,"13:14:46"
"2014-08-29",0.08333333333333333,6,17,19,"01:11:57"
"2014-09-03",0.02031488065007618,42,62,40,"08:23:00"
"2014-09-07",0,0,0,0,"14:39:13"
"2014-09-09",0.04597701149425287,1,2,4,"14:04:32"
"2014-09-11",0,4,6,0,"15:08:36"
"2014-09-15",0.01996007984031936,10,15,10,"12:46:13"
"2014-09-21",0.04054054054054054,3,6,9,"01:33:50"
"2014-09-21",-0.006134969325153374,6,7,-1,"12:55:39"
"2014-09-26",-0.021398002853067047,28,14,-15,"01:05:14"
"2014-09-27",0.08761329305135952,28,102,116,"10:58:42"
"2014-09-29",0,0,0,0,"04:17:01"
"2014-09-29",0,0,0,0,"04:17:06"
"2014-09-29",0,0,0,0,"04:17:25"
"2014-09-30",0,0,0,0,"11:41:19"
"2014-10-02",0.17771084337349397,4,36,59,"09:18:28"
"2014-10-06",0.07575757575757576,0,3,5,"00:02:30"
"2014-10-06",0.031578947368421054,7,11,6,"18:31:59"
"2014-10-08",0.048458149779735685,4,11,11,"07:05:35"
"2014-10-08",0.08015267175572519,3,10,21,"19:29:53"
"2014-10-08",0.05699481865284974,6,11,11,"23:17:01"
"2014-10-10",0.1,2,18,33,"15:07:06"
"2014-10-11",0.021645021645021644,36,43,15,"11:36:27"
"2014-10-14",0.06297229219143577,13,45,75,"00:43:45"
"2014-10-14",0,0,0,0,"18:14:13"
"2014-10-14",0,0,0,0,"23:43:41"
"2014-10-17",0,0,0,0,"12:47:39"
"2014-10-27",0.032377428307123035,47,67,35,"21:38:26"
"2014-10-29",0.11510483525887891,46,176,269,"16:43:03"
"2014-10-30",0.05714285714285714,1,3,2,"23:27:12"
"2014-11-02",0.08657587548638132,36,74,89,"18:49:02"
"2014-11-03",0.11910669975186104,2,25,48,"14:45:19"
"2014-11-04",0.050761421319796954,5,11,10,"01:09:49"
"2014-11-04",0.14925373134328357,1,8,20,"14:11:21"
"2014-11-04",0.1267605633802817,0,5,9,"16:40:37"
"2014-11-07",0,0,0,0,"13:00:29"
"2014-11-08",0.032520325203252036,5,6,4,"04:59:42"
"2014-11-08",0,0,0,0,"15:25:42"
"2014-11-08",0.18803418803418803,0,14,22,"18:38:26"
"2014-11-11",0.058333333333333334,1,5,7,"01:09:29"
"2014-11-14",0.11971830985915492,0,19,34,"17:37:11"
"2014-11-14",0,26,29,0,"23:10:36"
"2014-11-15",0.030805687203791468,14,28,26,"02:30:21"
"2014-11-16",-0.0018181818181818182,20,27,-1,"20:17:58"
"2014-11-16",0.14912280701754385,2,10,17,"23:46:27"
"2014-11-18",0.01904761904761905,5,6,2,"02:18:09"
"2014-11-18",0.0051813471502590676,0,1,1,"02:58:20"
"2014-11-18",0,0,0,0,"21:36:33"
"2014-11-18",-0.0048543689320388345,30,29,-4,"21:40:31"
"2014-11-18",0.07309941520467836,9,24,25,"22:45:04"
"2014-11-20",0.2,0,1,2,"14:00:55"
"2014-11-21",0.06077348066298342,2,7,11,"01:21:57"
"2014-11-21",0.14666666666666667,2,14,22,"13:50:21"
"2014-11-22",0.18181818181818182,0,1,2,"19:53:48"
"2014-11-22",0,0,0,0,"20:26:33"
"2014-11-24",0,0,0,0,"09:58:47"
"2014-11-24",0.08396946564885496,2,9,11,"20:46:10"
"2014-11-25",0.027777777777777776,1,3,3,"01:06:58"
"2014-11-26",0.07894736842105263,2,6,9,"02:06:10"
"2014-11-26",0.047149122807017545,17,41,43,"19:33:22"
"2014-11-29",0.022727272727272728,0,2,3,"13:51:48"
"2014-11-30",0.12476722532588454,10,39,67,"05:53:26"
"2014-11-30",0.2413793103448276,0,3,7,"21:26:18"
"2014-11-30",0.054871220604703244,27,51,49,"23:20:36"
"2014-12-01",0.06976744186046512,1,2,3,"22:00:52"
"2014-12-03",0.07295173961840629,20,55,65,"07:27:03"
"2014-12-03",0.02120141342756184,11,14,6,"17:23:50"
"2014-12-03",0.07017543859649122,4,9,8,"18:29:30"
"2014-12-04",0.0743801652892562,3,7,9,"12:43:18"
"2014-12-09",0.1148936170212766,2,11,27,"23:36:41"
"2014-12-17",0.041666666666666664,0,2,3,"12:14:14"
"2015-01-02",0.06798418972332015,8,50,86,"20:40:28"
"2015-01-05",0.08196721311475409,12,58,75,"20:07:17"
"2015-01-06",0.0683453237410072,4,24,38,"14:12:43"
"2015-01-06",0.0049261083743842365,17,17,3,"19:50:44"
"2015-01-07",0,0,0,0,"22:43:19"
"2015-01-07",0.13453815261044177,12,75,134,"22:50:11"
"2015-01-08",0.09611650485436893,18,73,99,"23:34:11"
"2015-01-09",0.06451612903225806,1,17,22,"23:43:19"
"2015-01-11",0.07142857142857142,0,6,11,"23:23:28"
"2015-01-13",0,1,1,0,"00:47:50"
"2015-01-15",0.041116005873715125,21,37,28,"04:07:07"
"2015-01-16",0.1920374707259953,1,38,82,"15:48:32"
"2015-01-20",0.1262135922330097,3,10,13,"02:58:46"
"2015-01-22",0.009345794392523364,4,4,1,"16:31:33"
"2015-01-24",0.16524216524216523,0,33,58,"13:06:25"
"2015-01-24",0.021496815286624203,18,29,27,"16:22:18"
"2015-01-25",0.022222222222222223,0,1,1,"14:51:09"
"2015-01-31",0.11155378486055777,5,39,56,"14:39:34"
"2015-02-08",-0.06666666666666667,1,1,-1,"23:48:41"
"2015-02-10",0.1485148514851485,1,9,15,"15:54:08"
"2015-02-13",0.05052748473070516,44,92,91,"04:52:29"
"2015-02-13",0.05533596837944664,3,9,14,"05:54:13"
"2015-03-10",0.05759162303664921,19,40,44,"01:11:15"
"2015-03-15",0,1,2,0,"17:50:03"
"2015-03-17",0,0,0,0,"08:37:24"
"2015-03-20",0,0,0,0,"23:22:47"
"2015-03-22",-0.038461538461538464,2,2,-1,"15:26:01"
"2015-03-25",0,0,0,0,"13:26:33"
"2015-03-26",0,0,0,0,"01:01:33"
"2015-03-29",0.075,0,2,3,"19:41:57"
"2015-03-31",0.020512820512820513,6,6,4,"01:36:06"
"2015-03-31",0,0,0,0,"22:13:26"
"2015-04-01",0.045454545454545456,0,1,1,"11:16:17"
"2015-04-02",0,0,0,0,"23:07:29"
"2015-04-05",0,0,0,0,"04:47:25"
"2015-04-05",0,0,0,0,"20:15:07"
"2015-04-05",0.009433962264150943,2,4,1,"21:57:51"
"2015-04-07",0.003080082135523614,19,25,3,"02:40:39"
"2015-04-08",0,3,3,0,"19:31:23"
"2015-04-11",-0.75,1,0,-3,"16:20:15"
"2015-04-14",0,0,0,0,"02:27:45"
"2015-04-15",0.08333333333333333,0,2,2,"22:10:01"
"2015-04-16",0,0,0,0,"03:01:55"
"2015-04-16",-0.08108108108108109,3,1,-3,"17:13:40"
"2015-04-17",0.044642857142857144,1,3,5,"02:16:34"
"2015-04-20",0,0,0,0,"12:14:04"
"2015-04-21",-0.008849557522123894,1,0,-1,"02:50:27"
"2015-04-25",0.23529411764705882,1,2,4,"00:27:31"
"2015-04-27",0,0,0,0,"01:14:06"
"2015-04-28",0.06915477497255763,10,48,63,"00:22:33"
"2015-04-28",0,0,0,0,"10:54:53"
"2015-04-29",0,0,0,0,"12:43:45"
"2015-04-29",0,0,0,0,"18:42:19"
"2015-04-29",0,0,0,0,"19:18:39"
"2015-04-30",0,1,1,0,"10:49:12"
"2015-05-04",-0.031746031746031744,1,0,-2,"01:05:15"
"2015-05-05",0.06060606060606061,0,3,4,"14:22:08"
"2015-05-09",0.06896551724137931,2,4,4,"02:02:40"
"2015-05-14",0.08346456692913386,10,33,53,"09:59:40"
"2015-05-16",0.04770318021201413,43,75,81,"11:13:15"
"2015-05-16",-0.09090909090909091,1,0,-2,"13:32:39"
"2015-05-18",0.0273972602739726,1,1,2,"07:50:51"
"2015-05-24",0.052742616033755275,4,16,25,"14:18:00"
"2015-05-26",0,0,0,0,"00:44:59"
"2015-05-26",0.1031390134529148,3,16,23,"01:06:36"
"2015-05-29",0,0,0,0,"10:07:20"
"2015-05-31",0.06535947712418301,2,7,10,"11:40:09"
"2015-06-02",0.07119476268412439,19,68,87,"16:00:44"
"2015-06-14",0.058823529411764705,1,4,6,"14:09:41"
"2015-06-14",-0.46153846153846156,3,0,-6,"20:33:32"
"2015-06-16",0.14705882352941177,0,2,5,"01:18:56"
"2015-06-26",0.008771929824561403,3,4,1,"01:40:03"
"2015-06-27",0.05537098560354374,14,40,50,"10:45:34"
"2015-06-29",0.09210526315789473,0,4,7,"11:28:00"
"2015-07-03",0.029411764705882353,0,1,1,"20:12:41"
"2015-07-04",0.047619047619047616,0,2,3,"16:45:28"
"2015-07-05",0.05,0,1,1,"20:02:53"
"2015-07-05",0.0422102839600921,21,53,55,"22:59:03"
"2015-07-06",0.15384615384615385,0,5,8,"01:39:23"
"2015-07-06",0.04916897506925208,18,56,71,"10:32:37"
"2015-07-07",0.17307692307692307,0,5,9,"00:19:00"
"2015-07-07",-0.07246376811594203,3,1,-5,"20:36:19"
"2015-07-11",0.15476190476190477,0,11,13,"13:50:49"
"2015-07-19",0,0,0,0,"04:10:48"
"2015-07-19",0.0865979381443299,7,33,42,"13:19:45"
"2015-07-19",0.1796875,0,12,23,"23:32:09"
"2015-07-20",0,0,0,0,"02:29:18"
"2015-07-21",0.08,6,16,22,"01:31:04"
"2015-07-21",0.015873015873015872,0,1,1,"03:54:28"
"2015-07-21",0,0,0,0,"14:13:12"
"2015-07-21",0.078125,2,5,5,"20:07:13"
"2015-07-22",0.0625,33,83,94,"01:28:26"
"2015-07-22",0.05521472392638037,8,23,18,"03:20:06"
"2015-07-22",0.08955223880597014,0,6,12,"11:39:36"
"2015-07-22",-0.21428571428571427,4,0,-6,"12:37:25"
"2015-07-23",0.006149479659413435,40,44,13,"20:21:34"
"2015-07-26",0.014912280701754385,31,52,34,"14:47:28"
"2015-07-28",0.0273972602739726,16,30,18,"11:55:29"
"2015-08-01",0.04129129129129129,23,48,55,"01:09:42"
"2015-08-03",-0.104,7,1,-13,"10:06:50"
"2015-08-03",0.10204081632653061,2,4,5,"10:37:08"
"2015-08-09",-0.03614457831325301,11,11,-12,"18:58:52"
"2015-08-09",0.07563025210084033,6,18,18,"21:45:44"
"2015-08-26",-0.16666666666666666,1,0,-2,"20:07:23"
"2015-08-26",-0.13793103448275862,4,0,-4,"22:09:35"
"2015-08-29",0.03945371775417299,18,33,26,"11:41:43"
"2015-08-29",0.02,2,1,1,"15:28:40"
"2015-08-29",0.0136986301369863,1,2,1,"16:48:43"
"2015-08-29",0.05128205128205128,2,3,2,"16:50:53"
"2015-08-29",-0.02926829268292683,8,5,-6,"16:53:05"
"2015-08-29",-0.16216216216216217,3,0,-6,"17:06:00"
"2015-08-29",0.2777777777777778,1,3,5,"17:10:05"
"2015-08-31",0.026954177897574125,43,71,40,"08:13:49"
"2015-08-31",0,1,1,0,"18:06:49"
"2015-09-03",0.07407407407407407,3,3,2,"22:28:10"
"2015-09-04",-0.06666666666666667,2,0,-2,"16:24:07"
"2015-09-05",0.34615384615384615,0,4,9,"21:14:54"
"2015-09-06",0.08062575210589651,16,53,67,"13:01:09"
"2015-09-06",0.11764705882352941,2,2,2,"14:48:25"
"2015-09-06",-0.08,2,0,-4,"19:05:16"
"2015-09-07",-0.02127659574468085,8,7,-3,"00:43:55"
"2015-09-07",0.1717171717171717,0,8,17,"01:20:05"
"2015-09-07",-0.125,7,1,-11,"01:39:18"
"2015-09-07",0.046511627906976744,3,4,2,"01:55:08"
"2015-09-07",0.16666666666666666,0,2,4,"11:08:59"
"2015-09-07",0,0,0,0,"11:32:18"
"2015-09-07",0.36363636363636365,0,2,4,"17:18:14"
"2015-09-07",-0.1497584541062802,19,5,-31,"18:26:42"
"2015-09-07",0.10606060606060606,1,3,7,"19:12:37"
"2015-09-08",0,0,0,0,"17:43:58"
"2015-09-08",0,1,1,0,"22:02:26"
"2015-09-09",0.013944223107569721,15,23,7,"00:23:05"
"2015-09-10",0.23529411764705882,0,2,4,"12:20:50"
"2015-09-10",0.06398104265402843,17,31,27,"16:19:36"
"2015-09-10",0.0913978494623656,6,14,17,"16:35:28"
"2015-09-10",0.2222222222222222,0,1,2,"16:46:04"
"2015-09-10",-0.08333333333333333,1,0,-4,"19:14:56"
"2015-09-10",0.23529411764705882,0,2,4,"20:02:12"
"2015-09-11",-0.21487603305785125,14,3,-26,"18:13:56"
"2015-09-11",0,1,1,0,"18:42:55"
"2015-09-12",0,0,0,0,"15:09:49"
"2015-09-12",0.0967741935483871,1,7,9,"15:12:58"
"2015-09-14",0,0,0,0,"13:49:31"
"2015-09-15",0.01015228426395939,11,13,2,"07:25:17"
"2015-09-16",-0.037940379403794036,17,16,-14,"16:06:31"
"2015-09-19",0.08870967741935484,9,41,44,"23:22:00"
"2015-09-28",0.6666666666666666,0,1,2,"17:45:29"
"2015-09-28",0.049689440993788817,1,6,8,"18:07:02"
"2015-09-29",0.04216867469879518,12,25,28,"00:21:46"
"2015-09-29",-0.0625,2,1,-2,"15:18:38"
"2015-10-01",0.019704433497536946,65,71,28,"12:03:58"
"2015-10-01",0.08878504672897196,6,14,19,"13:27:15"
"2015-10-01",0.068,12,34,34,"13:45:08"
"2015-10-01",0.075,4,10,9,"14:14:20"
"2015-10-01",-0.46153846153846156,3,1,-6,"15:13:50"
"2015-10-01",0.022598870056497175,15,29,12,"16:00:30"
"2015-10-01",0.06284367635506677,36,81,80,"17:31:41"
"2015-10-01",0.02925531914893617,19,34,22,"18:26:53"
"2015-10-01",0.07746478873239436,1,7,11,"19:07:56"
"2015-10-01",0.08157099697885196,7,19,27,"19:18:19"
"2015-10-02",-0.08333333333333333,1,0,-2,"14:36:08"
"2015-10-02",0.05054151624548736,16,28,28,"21:02:52"
"2015-10-03",0,1,2,0,"18:00:29"
"2015-10-03",-0.23076923076923078,1,0,-3,"18:30:05"
"2015-10-03",0.21212121212121213,0,3,7,"18:32:11"
"2015-10-03",-0.04081632653061224,4,3,-2,"19:19:32"
"2015-10-03",0.09523809523809523,1,1,2,"19:59:33"
"2015-10-05",0.035443037974683546,4,10,14,"02:20:48"
"2015-10-15",0.5384615384615384,0,3,7,"01:48:24"
"2015-10-15",0.01928374655647383,1,5,7,"16:12:21"
"2015-10-15",0.033707865168539325,0,2,3,"18:07:39"
"2015-10-22",0.046153846153846156,6,14,12,"01:01:31"
"2015-10-22",0,3,5,0,"15:52:39"
"2015-10-24",0.022585128561501043,102,139,65,"10:21:21"
"2015-10-24",0.029315960912052116,12,13,9,"14:02:37"
"2015-10-24",0.04741379310344827,7,11,11,"15:21:47"
"2015-10-24",0.04126984126984127,10,17,13,"15:28:09"
"2015-10-24",0.07692307692307693,0,2,3,"20:25:31"
"2015-10-27",0.09386281588447654,8,22,26,"00:41:02"
"2015-10-27",0.34782608695652173,0,3,8,"18:15:37"
"2015-10-28",0.026168224299065422,11,21,14,"10:17:57"
"2015-10-28",0,1,1,0,"14:17:42"
"2015-10-29",-0.07441860465116279,10,3,-16,"09:35:45"
"2015-10-31",0.10126582278481013,3,8,8,"14:52:39"
"2015-11-01",-0.01639344262295082,2,4,-1,"04:27:19"
"2015-11-03",0.09090909090909091,0,4,5,"03:03:17"
"2015-11-04",0.01892744479495268,5,11,6,"19:01:19"
"2015-11-04",0.0321285140562249,11,16,8,"23:59:19"
"2015-11-09",0.12903225806451613,0,7,16,"08:29:36"
"2015-11-10",0.14035087719298245,0,4,8,"19:46:31"
"2015-11-10",0.16216216216216217,3,9,12,"20:00:03"
"2015-11-10",0.05555555555555555,1,2,1,"20:24:19"
"2015-11-11",-0.125,3,1,-3,"14:05:02"
"2015-11-11",-0.027777777777777776,1,1,-1,"14:20:25"
"2015-11-11",-0.11290322580645161,7,4,-7,"17:45:37"
"2015-11-11",0.038180341186027617,34,64,47,"18:18:42"
"2015-11-11",0.04,0,2,2,"20:05:39"
"2015-11-12",0,0,0,0,"13:02:44"
"2015-11-12",0.3333333333333333,0,2,4,"13:03:31"
"2015-11-12",0.05362776025236593,9,16,17,"21:34:33"
"2015-11-13",0.1613394216133942,7,59,106,"00:22:16"
"2015-11-13",0.024398285525881965,106,151,74,"08:22:59"
"2015-11-13",0.06820682068206821,25,56,62,"10:09:45"
"2015-11-16",-0.07142857142857142,2,0,-3,"19:46:52"
"2015-11-17",0.25,0,3,6,"16:09:51"
"2015-11-18",-0.2,4,0,-7,"23:29:08"
"2015-11-20",0.008695652173913044,10,11,2,"07:55:02"
"2015-11-20",-0.07142857142857142,1,0,-1,"08:34:09"
"2015-11-20",0,1,1,0,"12:02:58"
"2015-11-20",0.019230769230769232,6,6,2,"16:43:42"
"2015-11-20",0,1,1,0,"17:05:19"
"2015-11-21",-0.023255813953488372,8,5,-4,"17:28:43"
"2015-11-21",-0.007832898172323759,22,24,-3,"19:08:52"
"2015-11-21",0.06944444444444445,0,2,5,"20:07:27"
"2015-11-21",0.0975609756097561,0,6,8,"20:57:05"
"2015-11-22",0,4,3,0,"12:42:20"
"2015-11-23",0.1282051282051282,2,21,35,"11:03:41"
"2015-11-23",0.07250755287009064,8,20,24,"15:14:24"
"2015-11-23",0.5,0,3,5,"18:01:20"
"2015-11-24",0.08264462809917356,4,7,10,"09:47:54"
"2015-11-25",0.07142857142857142,0,1,1,"16:52:51"
"2015-11-25",0,0,0,0,"22:11:56"
"2015-11-28",0.03296703296703297,3,6,9,"19:40:22"
"2015-11-29",0.08,0,2,4,"21:06:35"
"2015-12-03",0.06557377049180328,1,5,8,"14:48:50"
"2015-12-04",0.040145985401459854,7,13,11,"20:42:11"
"2015-12-05",0,0,0,0,"11:56:45"
"2015-12-05",-0.03508771929824561,6,5,-4,"15:13:32"
"2015-12-05",0.11304347826086956,3,11,13,"20:08:32"
"2015-12-06",0.19047619047619047,0,4,8,"15:45:43"
"2015-12-06",0.10869565217391304,1,3,5,"20:56:49"
"2015-12-07",0.06593406593406594,6,11,6,"11:49:59"
"2015-12-07",0.2222222222222222,0,1,2,"18:08:57"
"2015-12-07",0.10174418604651163,9,30,35,"20:13:37"
"2015-12-08",0.024896265560165973,13,21,12,"11:25:46"
"2015-12-09",0.054464616524638756,79,161,147,"18:40:23"
"2015-12-10",0.05263157894736842,0,1,1,"21:08:12"
"2015-12-11",0.08411214953271028,0,3,9,"08:55:52"
"2015-12-11",0.16666666666666666,1,8,18,"14:38:39"
"2015-12-13",0.022916666666666665,20,26,11,"20:58:02"
"2015-12-14",0.14893617021276595,2,4,7,"10:36:42"
"2015-12-17",0.02531645569620253,4,8,4,"00:01:50"
"2015-12-17",0.19,1,11,19,"21:46:33"
"2015-12-17",-0.03007518796992481,12,9,-4,"23:01:37"
"2015-12-19",0.14285714285714285,0,4,7,"00:44:50"
"2015-12-19",0.18972332015810275,3,39,48,"16:05:58"
"2015-12-20",0.023255813953488372,8,15,10,"14:51:01"
"2015-12-20",0.06343283582089553,3,13,17,"16:54:07"
"2015-12-23",0.11538461538461539,0,6,12,"15:22:54"
"2015-12-24",0.06035665294924554,12,34,44,"12:37:52"
"2015-12-25",0.008695652173913044,3,4,1,"00:02:52"
"2015-12-26",-0.022727272727272728,1,0,-1,"12:34:08"
"2015-12-27",-0.045346062052505964,20,13,-19,"01:21:42"
"2015-12-27",0.10606060606060606,1,7,14,"12:22:19"
"2016-01-03",0.06402439024390244,5,16,21,"06:46:09"
"2016-01-04",0.027247956403269755,8,11,10,"21:50:11"
"2016-01-05",-0.5384615384615384,3,0,-7,"06:03:06"
"2016-01-07",0.02952029520295203,11,15,8,"18:19:32"
"2016-01-07",0.15714285714285714,0,5,11,"21:16:04"
"2016-01-10",-0.003745318352059925,5,4,-1,"04:30:56"
"2016-01-10",0.018808777429467086,6,11,6,"21:20:59"
"2016-01-11",-0.004228329809725159,27,29,-2,"20:34:50"
"2016-01-12",0.04714142427281846,37,63,47,"03:30:20"
"2016-01-13",0.060810810810810814,17,44,45,"20:51:26"
"2016-01-14",0.06437768240343347,5,12,15,"01:52:18"
"2016-01-14",0.12050739957716702,5,36,57,"22:03:04"
"2016-01-15",0.1023696682464455,16,72,108,"01:01:49"
"2016-01-15",0.03056768558951965,10,14,7,"01:56:03"
"2016-01-15",-0.02040816326530612,2,2,-1,"11:13:33"
"2016-01-16",0.006289308176100629,5,6,2,"05:26:31"
"2016-01-17",0.14814814814814814,0,2,4,"03:26:27"
"2016-01-17",-0.13043478260869565,2,1,-3,"03:35:25"
"2016-01-17",0.11864406779661017,2,19,21,"04:40:34"
"2016-01-17",0.00975609756097561,8,9,2,"05:05:56"
"2016-01-17",0.09418282548476455,7,26,34,"05:56:58"
"2016-01-17",0.047685834502103785,19,38,34,"23:15:43"
"2016-01-18",0.21,3,22,42,"11:05:24"
"2016-01-18",0.0611353711790393,22,36,42,"11:37:42"
"2016-01-18",0.036544850498338874,13,22,11,"11:48:04"
"2016-01-18",0.03587443946188341,4,11,8,"12:06:05"
"2016-01-19",0.004739336492890996,15,15,1,"08:58:23"
"2016-01-21",0.050505050505050504,5,9,10,"23:19:07"
"2016-01-22",-0.005921539600296077,56,65,-8,"12:22:18"
"2016-01-23",-0.015552099533437015,28,24,-10,"23:11:13"
"2016-01-24",0.0625,0,1,1,"02:12:29"
"2016-01-25",0.0247074122236671,27,40,19,"00:20:04"
"2016-01-25",0.1724137931034483,0,6,15,"04:48:17"
"2016-01-25",0.09253731343283582,4,18,31,"12:55:29"
"2016-01-26",-0.0015128593040847202,20,22,-1,"21:21:50"
"2016-02-01",-0.012008733624454149,39,36,-11,"11:30:29"
"2016-02-01",0,1,1,0,"14:25:28"
"2016-02-03",-0.13043478260869565,1,0,-3,"05:45:01"
"2016-02-05",0.07317073170731707,8,24,24,"08:49:05"
"2016-02-05",0.06235827664399093,17,47,55,"09:29:51"
"2016-02-06",0.10566037735849057,4,18,28,"13:48:00"
"2016-02-06",-0.017241379310344827,4,3,-5,"14:18:11"
"2016-02-06",0,0,0,0,"17:11:23"
"2016-02-06",0,0,0,0,"18:03:59"
"2016-02-08",0.08301647655259822,31,98,131,"09:55:27"
"2016-02-08",0.09195402298850575,1,8,8,"10:59:08"
"2016-02-08",0,0,0,0,"23:09:17"
"2016-02-11",0.03943661971830986,13,21,14,"22:46:53"
"2016-02-12",0.1453900709219858,5,26,41,"16:00:34"
"2016-02-12",-0.1935483870967742,4,0,-6,"16:33:07"
"2016-02-15",0.06046511627906977,8,12,13,"12:42:50"
"2016-02-16",0,1,1,0,"00:40:51"
"2016-02-16",-0.060362173038229376,28,16,-30,"13:07:57"
"2016-02-16",0,0,0,0,"13:09:16"
"2016-02-17",-0.045,7,5,-9,"11:04:52"
"2016-02-18",-0.06666666666666667,3,2,-4,"10:07:52"
"2016-02-18",0.052980132450331126,9,11,8,"16:29:47"
"2016-02-18",0.01639344262295082,2,2,1,"20:24:27"
"2016-02-18",0.021739130434782608,0,1,1,"20:59:21"
"2016-02-19",0.060240963855421686,0,3,5,"01:24:52"
"2016-02-19",-0.05555555555555555,2,2,-3,"10:21:56"
"2016-02-19",0.1111111111111111,0,2,4,"12:10:03"
"2016-02-21",0.03870967741935484,39,67,48,"09:53:25"
"2016-02-22",-0.017241379310344827,1,1,-1,"11:27:48"
"2016-02-25",0.08461538461538462,3,12,11,"15:05:23"
"2016-02-25",0.11475409836065574,3,21,21,"18:41:40"
"2016-02-26",0.03225806451612903,7,9,6,"10:07:30"
"2016-03-02",1.125,0,5,9,"20:15:07"
"2016-03-02",0.11494252873563218,15,44,60,"20:35:11"
"2016-03-02",0.05092592592592592,7,27,33,"22:05:22"
"2016-03-05",-0.059322033898305086,14,13,-14,"16:26:42"
"2016-03-05",0.011299435028248588,2,3,2,"17:34:33"
"2016-03-07",-0.058823529411764705,1,1,-1,"12:04:34"
"2016-03-11",0.1111111111111111,10,25,31,"23:14:47"
"2016-03-15",0.16,0,3,4,"00:22:16"
"2016-03-19",0.020202020202020204,11,13,8,"16:30:27"
"2016-03-21",0.2,0,2,6,"15:11:54"
"2016-03-27",0.0379746835443038,3,6,3,"17:33:13"
"2016-04-01",0.07142857142857142,1,5,7,"13:15:48"
"2016-04-04",0.08992805755395683,5,19,25,"01:34:41"
"2016-04-09",0.1111111111111111,8,20,29,"09:05:28"
"2016-04-17",0.10256410256410256,3,13,16,"19:41:16"
"2016-04-26",0.05714285714285714,7,25,28,"21:51:52"
"2016-05-03",-0.16666666666666666,5,0,-7,"14:53:19"
"2016-05-10",0.03246239113222486,46,78,41,"10:30:33"
"2016-05-11",0.5925925925925926,0,7,16,"00:26:01"
"2016-05-12",0,7,8,0,"01:24:33"
"2016-05-12",0.09143686502177069,15,51,63,"01:54:49"
"2016-05-13",0.03636363636363636,14,21,10,"15:24:08"
"2016-05-22",0.25654450261780104,1,22,49,"14:08:54"
"2016-05-25",0.25,0,1,2,"14:36:45"
"2016-05-27",0.044444444444444446,3,6,6,"15:27:11"
"2016-06-01",0.08661417322834646,1,6,11,"08:30:05"
"2016-06-17",0.04013377926421405,9,15,12,"11:08:19"
"2016-06-24",0,0,0,0,"22:20:55"
"2016-06-29",0.15,1,17,33,"00:08:51"
"2016-06-29",-0.026785714285714284,2,2,-3,"00:50:27"
"2016-06-29",-0.7142857142857143,5,1,-15,"15:12:58"
"2016-06-29",0,0,0,0,"23:07:16"
"2016-07-06",0,0,0,0,"19:14:55"
"2016-07-09",0.08695652173913043,1,3,6,"00:37:09"
"2016-07-10",0,1,2,0,"13:24:47"
"2016-07-11",0,0,0,0,"01:03:03"
"2016-07-11",0.02737226277372263,17,27,15,"09:53:17"
"2016-07-11",0,0,0,0,"15:19:03"
"2016-07-11",-0.18181818181818182,1,0,-2,"17:27:22"
"2016-07-11",0.060240963855421686,0,8,10,"20:39:48"
"2016-07-12",0.14285714285714285,1,3,7,"00:05:13"
"2016-07-12",0.007017543859649123,29,32,6,"08:02:36"
"2016-07-14",0.3684210526315789,0,3,7,"01:23:06"
"2016-07-14",0,0,0,0,"11:13:05"
"2016-07-14",0.03870967741935484,20,32,24,"11:13:29"
"2016-07-14",0.56,0,7,14,"11:56:31"
"2016-07-14",0.8235294117647058,0,6,14,"12:08:14"
"2016-07-14",0.14864864864864866,0,5,11,"19:02:48"
"2016-07-14",0,0,0,0,"20:08:56"
"2016-07-15",0.05472636815920398,13,25,22,"10:34:06"
"2016-07-15",0.0045871559633027525,8,13,1,"16:09:14"
"2016-07-16",0.014285714285714285,4,4,1,"01:11:48"
"2016-07-16",-0.019417475728155338,3,4,-2,"01:17:51"
"2016-07-16",0,0,0,0,"05:26:23"
"2016-07-16",0,0,0,0,"10:14:24"
"2016-07-16",0,0,0,0,"10:14:25"
"2016-07-16",-0.041666666666666664,1,0,-1,"11:31:12"
"2016-07-16",0,0,0,0,"13:18:37"
"2016-07-19",0.006944444444444444,46,47,7,"13:26:35"
"2016-07-20",0.04472573839662447,43,62,53,"15:59:23"
"2016-07-21",-0.06060606060606061,3,2,-4,"16:11:04"
"2016-07-21",0,0,0,0,"16:53:35"
"2016-07-22",-0.3076923076923077,1,0,-4,"22:18:33"
"2016-07-22",-0.41935483870967744,4,1,-13,"22:25:13"
"2016-07-23",0.11369509043927649,9,27,44,"15:55:46"
"2016-07-23",-0.2727272727272727,1,0,-3,"16:46:50"
"2016-07-24",-0.10596026490066225,8,1,-16,"10:10:53"
"2016-07-24",0.14583333333333334,0,4,7,"11:30:28"
"2016-07-24",0.023809523809523808,6,13,7,"13:46:40"
"2016-07-25",0.058435438265786996,24,63,62,"10:22:45"
"2016-07-26",0,0,0,0,"23:39:40"
"2016-07-27",-0.05194805194805195,1,0,-4,"18:29:58"
"2016-07-30",0.10386151797603196,17,91,156,"16:32:14"
"2016-08-01",-0.06028368794326241,15,11,-17,"15:58:21"
"2016-08-02",0,0,0,0,"03:27:09"
"2016-08-05",0,8,10,0,"11:41:39"
"2016-08-06",0.09285714285714286,8,23,26,"15:36:10"
"2016-08-13",0.11827956989247312,1,8,11,"14:27:23"
"2016-08-14",0.028199566160520606,7,15,13,"11:23:13"
"2016-08-14",0.07323568575233022,13,45,55,"12:04:46"
"2016-08-15",0.03167420814479638,19,38,35,"16:20:15"
"2016-08-16",0.08254716981132075,12,27,35,"01:54:40"
"2016-08-16",-0.01107011070110701,8,7,-3,"14:21:33"
"2016-08-17",0,0,0,0,"11:31:20"
"2016-08-17",-0.007042253521126761,6,7,-1,"18:38:52"
"2016-08-17",-0.024242424242424242,9,8,-4,"21:21:16"
"2016-08-17",0.017543859649122806,1,2,1,"21:58:42"
"2016-08-18",0.08888888888888889,0,2,4,"12:47:59"
"2016-08-19",0.10317460317460317,2,7,13,"01:51:34"
"2016-08-19",-0.0029239766081871343,9,12,-1,"14:43:34"
"2016-08-20",-0.005050505050505051,7,6,-1,"14:46:16"
"2016-08-21",-0.034482758620689655,2,1,-1,"00:47:45"
"2016-08-21",-0.1111111111111111,1,0,-1,"00:56:34"
"2016-08-22",0,0,0,0,"20:11:19"
"2016-08-23",0,4,4,0,"11:53:36"
"2016-08-23",0.06739130434782609,20,34,31,"13:24:09"
"2016-08-26",0.3282442748091603,5,20,43,"20:53:29"
"2016-09-04",0.18,1,5,9,"16:26:59"
"2016-09-06",0.12797074954296161,5,42,70,"18:56:41"
"2016-09-07",0.07407407407407407,0,2,4,"01:24:55"
"2016-09-09",0.11666666666666667,2,7,14,"03:57:24"
"2016-09-10",0.25,0,1,3,"10:19:38"
"2016-09-13",0.07534246575342465,1,5,11,"14:54:32"
"2016-09-14",-0.08695652173913043,1,0,-2,"16:46:11"
"2016-09-14",0,0,0,0,"22:32:28"
"2016-09-15",0.04225352112676056,1,3,3,"15:05:24"
"2016-09-23",0,0,0,0,"01:07:44"
"2016-09-25",0.03375527426160337,4,9,8,"03:41:45"
"2016-10-05",-0.0014970059880239522,28,30,-1,"02:29:03"
"2016-10-05",0.1331521739130435,3,24,49,"02:55:44"
"2016-10-05",0,0,0,0,"04:07:17"
"2016-10-05",0.08333333333333333,0,1,3,"23:40:46"
"2016-10-06",0.07344632768361582,22,51,39,"00:58:25"
"2016-10-10",-0.20103092783505155,23,12,-39,"07:35:29"
"2016-10-18",0.11558219178082192,26,83,135,"03:08:13"
"2016-10-19",0.07692307692307693,8,29,38,"22:43:44"
"2016-10-21",0.004016064257028112,8,12,1,"06:33:54"
"2016-10-22",0.2289156626506024,1,26,57,"03:03:07"
"2016-10-23",-0.0375,3,0,-3,"02:03:58"
"2016-10-25",0.08035714285714286,6,16,18,"02:28:02"
"2016-10-25",0.06153846153846154,1,3,4,"04:32:29"
"2016-10-26",0.0425531914893617,6,17,16,"00:01:49"
"2016-10-26",-0.005263157894736842,3,1,-1,"08:52:05"
"2016-10-28",0.06339144215530904,11,31,40,"05:29:02"
"2016-10-29",0.053515215110178385,25,52,51,"08:19:26"
"2016-10-31",0,0,0,0,"14:58:55"
"2016-11-01",0.08118081180811808,13,37,44,"07:13:27"
"2016-11-01",0.0022598870056497176,3,3,2,"08:38:01"
"2016-11-02",0.1532258064516129,0,9,19,"12:04:30"
"2016-11-05",0.10134128166915052,11,45,68,"15:58:32"
"2016-11-07",0.08823529411764706,2,20,36,"21:14:32"
"2016-11-08",0.07692307692307693,0,3,7,"01:05:21"
"2016-11-10",0.22077922077922077,2,17,34,"18:01:54"
"2016-11-13",0,0,0,0,"23:27:37"
"2016-11-14",0.11926605504587157,5,18,26,"07:14:19"
"2016-11-14",0.29591836734693877,0,16,29,"07:31:34"
"2016-11-14",0.0625,3,5,7,"12:49:24"
"2016-11-14",-0.07462686567164178,6,3,-5,"14:45:49"
"2016-11-14",-0.09929078014184398,15,6,-28,"15:52:33"
"2016-11-14",0,0,0,0,"17:39:42"
"2016-11-14",0.05,1,1,1,"18:22:54"
"2016-11-17",0.05365853658536585,2,14,22,"14:04:27"
"2016-11-18",0,0,0,0,"15:09:35"
"2016-11-18",0,0,0,0,"15:09:40"
"2016-11-18",0,0,0,0,"15:09:41"
"2016-11-19",0,0,0,0,"11:19:53"
"2016-11-20",-0.030303030303030304,14,12,-8,"18:15:46"
"2016-11-22",0,0,0,0,"19:05:47"
"2016-11-26",-0.02857142857142857,4,2,-2,"02:08:40"
"2016-11-26",0,0,0,0,"15:11:41"
"2016-11-28",-0.022727272727272728,2,2,-1,"13:23:27"
"2016-11-30",0.0967741935483871,1,3,3,"14:53:06"
"2016-12-04",-0.029411764705882353,1,0,-1,"18:00:57"
"2016-12-06",0,0,0,0,"18:58:55"
"2016-12-08",0.09183673469387756,10,41,63,"12:25:49"
"2016-12-12",0.004608294930875576,29,37,2,"00:53:52"
"2016-12-12",-0.07142857142857142,1,0,-1,"01:19:39"
"2016-12-12",-0.02127659574468085,3,5,-1,"11:11:42"
"2016-12-13",0.1065989847715736,3,12,21,"16:26:24"
"2016-12-13",0,0,0,0,"21:27:15"
"2016-12-14",0.025522041763341066,1,8,11,"15:18:09"
"2016-12-15",0,0,0,0,"00:21:59"
"2016-12-15",0,0,0,0,"16:32:24"
"2016-12-15",0,0,0,0,"16:32:39"
"2016-12-17",0,0,0,0,"11:51:08"
"2016-12-17",0.01948051948051948,2,4,3,"15:18:26"
"2016-12-19",0,0,0,0,"19:20:37"
"2016-12-19",0.20155038759689922,3,46,78,"19:44:06"
"2016-12-21",0,0,0,0,"03:03:45"
"2016-12-21",0.12790697674418605,0,6,11,"20:33:37"
"2016-12-21",0.03867403314917127,1,5,7,"20:58:28"
"2016-12-22",0,0,0,0,"15:59:31"
"2016-12-25",-0.06666666666666667,3,0,-3,"15:32:14"
"2016-12-26",0.055944055944055944,14,29,32,"14:55:28"
"2016-12-26",0.0847457627118644,2,5,5,"21:39:33"
"2016-12-27",0,0,0,0,"16:37:53"
"2016-12-27",0.14285714285714285,1,5,9,"17:27:11"
"2016-12-27",0,0,0,0,"21:37:31"
"2016-12-27",-0.08333333333333333,2,1,-2,"23:33:12"
"2016-12-28",0,0,0,0,"01:04:37"
"2016-12-28",0.0625,0,2,3,"14:32:05"
"2016-12-28",-0.012578616352201259,10,8,-2,"14:35:57"
"2016-12-29",0.02564102564102564,2,2,1,"03:33:58"
"2016-12-29",0.027777777777777776,22,46,19,"04:13:21"
"2016-12-30",0.045454545454545456,0,2,4,"17:21:54"
"2017-01-01",0.024390243902439025,16,20,15,"12:30:58"
"2017-01-03",-0.01,5,4,-1,"00:38:10"
"2017-01-03",0.04093567251461988,7,10,7,"15:24:19"
"2017-01-03",0.0176678445229682,7,11,5,"16:03:27"
"2017-01-05",0.027522935779816515,1,2,3,"21:52:47"
"2017-01-06",0.09868421052631579,8,19,15,"00:34:49"
"2017-01-06",-0.003236245954692557,19,22,-2,"04:14:11"
"2017-01-09",-0.07142857142857142,1,0,-2,"14:55:01"
"2017-01-10",0.016697588126159554,20,22,9,"00:40:53"
"2017-01-10",0.049475262368815595,19,37,33,"01:24:15"
"2017-01-10",-0.07407407407407407,5,1,-6,"01:58:09"
"2017-01-10",0.06043956043956044,14,39,44,"09:24:42"
"2017-01-10",0.034653465346534656,11,18,14,"09:46:53"
"2017-01-10",0.03430531732418525,16,22,20,"10:26:43"
"2017-01-10",0.023224043715846996,18,32,17,"12:05:50"
"2017-01-10",0.012345679012345678,2,3,1,"13:07:56"
"2017-01-11",0.04736842105263158,7,9,9,"00:50:27"
"2017-01-11",0.05390835579514825,7,20,20,"16:23:47"
"2017-01-11",0,0,0,0,"16:55:41"
"2017-01-11",0.03252710592160134,28,52,39,"17:19:15"
"2017-01-11",0,0,0,0,"20:36:34"
"2017-01-12",0.03389830508474576,1,2,2,"10:28:47"
"2017-01-12",0.056304520222045996,32,61,71,"13:12:31"
"2017-01-12",0.19642857142857142,1,8,11,"19:45:17"
"2017-01-13",0.11623931623931624,14,48,68,"00:10:32"
"2017-01-13",0.01282051282051282,2,3,1,"11:06:21"
"2017-01-13",0.1422924901185771,3,20,36,"13:28:25"
"2017-01-13",0.029197080291970802,1,4,4,"13:28:31"
"2017-01-13",0.041666666666666664,0,2,2,"21:47:20"
"2017-01-14",0.0661512027491409,21,55,77,"12:03:44"
"2017-01-14",0.05045871559633028,29,54,55,"14:02:35"
"2017-01-14",-0.08571428571428572,5,2,-6,"15:13:04"
"2017-01-14",-0.04081632653061224,2,1,-2,"15:24:13"
"2017-01-15",0.05555555555555555,1,1,1,"10:56:26"
"2017-01-15",-0.023809523809523808,6,5,-3,"23:42:16"
"2017-01-16",0.075,2,12,18,"01:29:43"
"2017-01-16",-0.0034965034965034965,34,35,-4,"11:13:26"
"2017-01-16",-0.011299435028248588,4,2,-2,"12:52:06"
"2017-01-16",0.05291005291005291,2,7,10,"22:35:43"
"2017-01-17",0,0,0,0,"09:51:34"
"2017-01-17",-0.06053811659192825,22,11,-27,"11:21:28"
"2017-01-17",0,0,0,0,"15:59:36"
"2017-01-18",0.027966101694915254,27,48,33,"00:04:59"
"2017-01-18",0.0400890868596882,9,19,18,"00:54:13"
"2017-01-18",0.07547169811320754,0,5,8,"01:06:26"
"2017-01-18",0.047619047619047616,0,1,2,"20:44:34"
"2017-01-18",-0.0975609756097561,3,1,-4,"21:39:08"
"2017-01-18",0.028735632183908046,1,3,5,"23:42:55"
"2017-01-19",0,1,1,0,"12:22:47"
"2017-01-20",0,0,0,0,"22:18:23"
"2017-01-21",0,0,0,0,"12:53:37"
"2017-01-22",-0.15517241379310345,5,3,-9,"22:42:14"
"2017-01-23",0.26785714285714285,1,14,30,"00:11:14"
"2017-01-24",0,0,0,0,"12:05:22"
"2017-01-25",-0.22115384615384615,9,1,-23,"01:29:00"
"2017-01-26",0,37,38,0,"01:11:35"
"2017-01-26",0.0055248618784530384,5,9,1,"12:38:23"
"2017-01-26",0.1891891891891892,1,4,7,"20:22:52"
"2017-01-27",0,0,0,0,"01:25:07"
"2017-01-31",0.041666666666666664,8,17,9,"23:51:32"
"2017-02-02",-0.017857142857142856,3,1,-1,"02:18:34"
"2017-02-03",0.024691358024691357,7,6,4,"11:28:27"
"2017-02-03",0.025210084033613446,7,10,9,"17:00:51"
"2017-02-04",-0.02702702702702703,4,2,-3,"02:45:06"
"2017-02-04",0,0,0,0,"12:26:00"
"2017-02-07",0.10526315789473684,0,2,4,"16:48:09"
"2017-02-10",0.036458333333333336,1,5,7,"14:47:43"
"2017-02-10",0.05925925925925926,2,10,16,"15:35:02"
"2017-02-12",0.058823529411764705,1,2,2,"15:03:51"
"2017-02-18",0.09344490934449093,9,45,67,"15:36:27"
"2017-02-18",0.13127413127413126,3,17,34,"16:04:28"
"2017-02-20",0.1,0,3,7,"12:55:07"
"2017-02-20",0.06628242074927954,1,14,23,"13:30:33"
"2017-02-25",0.09,2,9,9,"11:05:25"
"2017-03-04",0.4117647058823529,0,3,7,"18:25:55"
"2017-03-07",0.08163265306122448,1,4,4,"16:30:41"
"2017-03-08",-0.04,5,3,-2,"21:31:42"
"2017-03-09",0.02702702702702703,3,4,4,"08:22:38"
"2017-03-10",0.014005602240896359,18,27,10,"11:25:34"
"2017-03-11",-0.09090909090909091,6,3,-8,"08:19:51"
"2017-03-11",0.02608695652173913,4,7,3,"20:51:38"
"2017-03-11",0.0625,0,1,1,"20:55:47"
"2017-03-12",0.046822742474916385,18,34,28,"10:35:14"
"2017-03-12",0.10256410256410256,7,20,24,"11:45:16"
"2017-03-13",0.05,1,2,2,"10:29:36"
"2017-03-13",0.07017543859649122,0,3,4,"14:54:34"
"2017-03-14",0.04774535809018567,21,39,36,"00:36:21"
"2017-03-15",0.09649122807017543,8,22,33,"10:11:55"
"2017-03-15",-0.022727272727272728,1,0,-1,"10:49:55"
"2017-03-18",0.1079429735234216,8,33,53,"16:22:07"
"2017-03-18",0.12195121951219512,4,19,30,"18:55:34"
"2017-03-19",0.040955631399317405,11,15,12,"12:21:02"
"2017-03-20",0.4117647058823529,0,3,7,"09:08:25"
"2017-03-20",-0.11627906976744186,3,1,-5,"10:12:09"
"2017-03-20",-0.06,6,5,-6,"15:56:39"
"2017-03-20",0.13333333333333333,2,6,8,"21:43:02"
"2017-03-22",0.02932551319648094,8,10,10,"05:53:52"
"2017-03-25",-0.05555555555555555,2,1,-4,"10:43:29"
"2017-03-25",0.08600337268128162,5,35,51,"10:45:31"
"2017-03-26",0.017699115044247787,16,21,8,"10:13:51"
"2017-03-26",0.09322033898305085,4,17,33,"21:04:55"
"2017-03-26",0.02901023890784983,18,31,17,"21:46:01"
"2017-03-31",-0.0521415270018622,31,27,-28,"17:44:12"
"2017-03-31",0.1,0,1,2,"22:53:53"
"2017-04-01",0.04411764705882353,0,2,3,"04:40:26"
"2017-04-12",0.11818181818181818,3,8,13,"01:53:19"
"2017-04-13",0.08085612366230678,16,51,68,"08:04:01"
"2017-04-18",-0.015015015015015015,11,9,-5,"15:40:42"
"2017-04-18",0.015789473684210527,3,7,3,"16:34:53"
"2017-04-21",-0.22641509433962265,7,2,-12,"06:23:39"
"2017-04-21",0,0,0,0,"17:24:52"
"2017-05-01",0.05732484076433121,1,7,9,"11:14:54"
"2017-05-09",0,0,0,0,"14:22:53"
"2017-05-17",-0.23809523809523808,8,1,-10,"17:41:30"
"2017-05-24",0.04831932773109244,12,24,23,"13:30:05"
"2017-05-30",0.043795620437956206,11,12,6,"09:24:20"
"2017-05-30",-0.0995260663507109,14,7,-21,"16:24:39"
"2017-05-30",0.16666666666666666,1,8,10,"17:21:02"
"2017-06-01",0.14018691588785046,5,22,45,"15:07:28"
"2017-06-01",0.061514195583596214,19,41,39,"18:59:29"
"2017-06-02",0.054481546572934976,18,31,31,"13:32:15"
"2017-06-05",0,3,3,0,"20:29:55"
"2017-06-06",0.06994106090373281,52,174,178,"08:05:52"
"2017-06-07",0.08854166666666667,9,28,34,"18:32:56"
"2017-06-07",-0.04081632653061224,3,1,-4,"19:56:15"
"2017-06-08",-0.08211678832116788,34,17,-45,"02:47:24"
"2017-06-08",0.0641399416909621,4,21,22,"12:30:55"
"2017-06-08",0.02040816326530612,3,4,1,"18:39:21"
"2017-06-08",0.047058823529411764,3,6,4,"19:38:11"
"2017-06-12",-0.05970149253731343,4,3,-4,"15:50:31"
"2017-06-12",-0.5689655172413793,11,0,-33,"17:18:39"
"2017-06-12",-0.016597510373443983,6,6,-4,"23:40:58"
"2017-06-13",0.011363636363636364,3,4,1,"13:12:36"
"2017-06-14",0.03278688524590164,46,81,50,"12:14:33"
"2017-06-15",0.02617801047120419,2,5,5,"05:14:16"
"2017-06-16",0,2,1,0,"07:11:00"
"2017-06-16",-0.09655172413793103,8,5,-14,"08:42:01"
"2017-06-18",0.039473684210526314,10,21,15,"06:47:44"
"2017-06-18",0,0,0,0,"12:10:45"
"2017-06-18",0.1,3,6,8,"19:21:24"
"2017-06-18",0,0,0,0,"19:32:47"
"2017-06-20",0.14285714285714285,0,1,2,"07:43:25"
"2017-06-20",-0.06779661016949153,31,17,-32,"08:10:37"
"2017-06-22",0.08455882352941177,7,21,23,"11:51:11"
"2017-06-22",0.037037037037037035,0,1,1,"19:24:59"
"2017-06-25",0.0967741935483871,12,31,33,"12:42:48"
"2017-06-26",0,1,2,0,"06:38:13"
"2017-06-26",0,0,0,0,"11:01:11"
"2017-06-26",0.0026041666666666665,17,26,1,"13:08:49"
"2017-06-26",-0.015625,5,5,-2,"18:33:24"
"2017-06-27",0.06115702479338843,8,28,37,"07:18:27"
"2017-06-27",0,0,0,0,"10:29:41"
"2017-06-27",0,0,0,0,"10:45:04"
"2017-06-29",0.08083832335329341,2,18,27,"06:37:26"
"2017-06-30",0.0684931506849315,0,2,5,"09:19:49"
"2017-07-02",0.15151515151515152,1,8,15,"17:50:22"
"2017-07-03",0.16666666666666666,0,3,6,"07:03:16"
"2017-07-03",-0.1388888888888889,13,10,-15,"07:11:16"
"2017-07-03",-0.2222222222222222,1,0,-2,"08:50:26"
"2017-07-03",-0.03636363636363636,2,2,-2,"11:56:28"
"2017-07-06",0.04017857142857143,13,24,18,"08:34:13"
"2017-07-06",0.09803921568627451,7,18,15,"21:52:01"
"2017-07-06",-0.15384615384615385,2,0,-2,"22:02:13"
"2017-07-06",0.11827956989247312,1,6,11,"22:11:02"
"2017-07-07",0.038461538461538464,0,2,2,"07:53:50"
"2017-07-07",0,0,0,0,"11:54:46"
"2017-07-09",0.07929515418502203,7,23,18,"13:55:56"
"2017-07-14",0.03365384615384615,1,6,7,"02:38:58"
"2017-07-16",0.2531017369727047,5,58,102,"05:20:52"
"2017-07-16",0.04455445544554455,13,18,9,"05:38:59"
"2017-07-18",0.07306338028169014,25,71,83,"12:22:11"
"2017-07-20",0.0425531914893617,2,3,2,"07:50:41"
"2017-07-20",0.18181818181818182,2,14,22,"08:55:49"
"2017-07-21",0.10852713178294573,4,31,56,"03:57:06"
"2017-07-22",0.027586206896551724,21,42,16,"12:24:52"
"2017-07-22",-1.5263157894736843,9,2,-29,"23:21:15"
"2017-07-27",0,0,0,0,"09:45:51"
"2017-07-28",0,0,0,0,"10:37:30"
"2017-07-29",-0.0970873786407767,9,8,-10,"13:04:16"
"2017-07-29",0.6,0,1,3,"20:18:12"
"2017-07-30",0,0,0,0,"19:14:50"
"2017-07-31",0.10869565217391304,0,2,5,"11:33:48"
"2017-07-31",0,0,0,0,"13:47:45"
"2017-08-01",-0.05,1,1,-1,"22:00:04"
"2017-08-04",-0.009523809523809525,6,6,-1,"22:18:37"
"2017-08-06",-0.02027027027027027,6,6,-3,"12:59:01"
"2017-08-06",0,3,3,0,"14:03:32"
"2017-08-06",0,0,0,0,"14:13:18"
"2017-08-06",0.006666666666666667,23,24,2,"14:21:13"
"2017-08-06",-0.07865168539325842,9,7,-7,"18:56:51"
"2017-08-06",0,0,0,0,"19:41:39"
"2017-08-06",0,0,0,0,"22:48:22"
"2017-08-06",0.1232876712328767,2,6,9,"23:17:51"
"2017-08-07",0,0,0,0,"21:52:53"
"2017-08-08",0.1111111111111111,3,9,15,"16:16:10"
"2017-08-08",0.05555555555555555,2,3,5,"16:17:38"
"2017-08-09",0.2,0,2,3,"12:01:42"
"2017-08-09",0,0,0,0,"17:29:53"
"2017-08-09",0.07142857142857142,0,1,2,"21:32:18"
"2017-08-10",0.08695652173913043,0,2,2,"00:50:09"
"2017-08-11",0,0,0,0,"00:14:23"
"2017-08-12",-0.0430622009569378,15,11,-9,"10:16:04"
"2017-08-12",-0.018518518518518517,8,10,-3,"13:29:22"
"2017-08-12",0.04793028322440087,16,26,22,"15:01:51"
"2017-08-12",0.049255441008018326,13,36,43,"17:48:25"
"2017-08-12",-0.16666666666666666,2,0,-2,"18:33:47"
"2017-08-14",-0.14583333333333334,5,4,-7,"18:47:29"
"2017-08-14",-0.047021943573667714,52,44,-45,"21:22:40"
"2017-08-15",0.0851063829787234,0,2,4,"11:29:33"
"2017-08-15",-0.0425531914893617,1,0,-2,"19:20:27"
"2017-08-16",0.07096774193548387,2,8,11,"16:01:58"
"2017-08-16",0.07575757575757576,0,3,5,"23:34:30"
"2017-08-16",0.07692307692307693,3,8,8,"23:39:49"
"2017-08-22",-0.08333333333333333,1,0,-1,"14:21:28"
"2017-08-23",-0.03829787234042553,13,13,-9,"00:02:02"
"2017-08-23",0.12121212121212122,2,6,8,"08:47:01"
"2017-08-27",0.009345794392523364,3,6,2,"13:50:11"
"2017-09-08",0,0,0,0,"11:11:06"
"2017-09-11",0.05714285714285714,1,7,10,"01:51:24"
"2017-09-18",0.12318840579710146,1,9,17,"23:13:20"
"2017-10-26",-0.0037546933667083854,41,44,-3,"11:00:38"
"2017-10-28",0,0,0,0,"11:29:28"
"2017-10-31",0.019230769230769232,2,3,1,"22:10:29"
"2017-11-03",-0.5,1,0,-2,"19:33:56"
"2017-11-20",0.06666666666666667,1,2,2,"21:16:21"
"2017-12-18",-0.01026694045174538,18,16,-5,"11:39:16"
"2017-12-18",-0.023076923076923078,7,6,-3,"12:26:49"
"2017-12-18",0.21298701298701297,1,49,82,"13:03:15"
"2017-12-18",0.06132075471698113,6,14,13,"13:41:58"
"2017-12-21",0.04878048780487805,2,7,8,"11:34:06"
"2017-12-27",0.040897097625329816,19,38,31,"16:19:20"
"2018-01-03",0.01773049645390071,13,20,10,"06:11:34"
"2018-01-03",0.010638297872340425,2,3,2,"07:58:41"
"2018-01-09",-0.01837270341207349,15,17,-7,"04:51:19"
"2018-01-09",0.03783783783783784,9,20,14,"11:39:10"
"2018-01-24",0.031746031746031744,11,16,6,"00:26:35"
"2018-01-28",-0.06175771971496437,31,17,-26,"18:30:13"
"2018-02-08",0,0,0,0,"19:08:04"
"2018-02-23",0,0,0,0,"08:47:28"
"2018-02-25",0.017241379310344827,0,1,1,"21:34:07"
"2018-02-26",0.07575757575757576,11,23,30,"00:39:57"
"2018-02-26",-0.014814814814814815,8,7,-2,"10:40:15"
"2018-02-26",0,0,0,0,"18:32:18"
"2018-02-26",0.03225806451612903,0,1,1,"20:35:38"
"2018-02-27",0.047619047619047616,1,2,3,"11:32:51"
"2018-03-04",0,0,0,0,"18:36:26"
"2018-03-08",-0.375,1,0,-3,"23:46:11"
"2018-03-09",0,0,0,0,"03:08:56"
"2018-03-13",0.041666666666666664,1,1,1,"17:40:14"
"2018-03-16",0,0,0,0,"00:44:30"
"2018-03-16",-0.09876543209876543,6,1,-8,"00:52:18"
"2018-03-16",-0.14893617021276595,11,4,-14,"00:57:25"
"2018-03-27",0,0,0,0,"21:16:16"
"2018-05-21",0.2,2,8,14,"11:19:52"
"2018-05-21",0.043478260869565216,0,1,2,"11:30:33"
"2018-06-27",0.06896551724137931,2,4,6,"11:31:47"
"2018-06-29",0.05128205128205128,0,1,2,"10:18:45"
"2018-07-04",0,0,0,0,"16:24:02"
"2018-07-18",0.022222222222222223,1,1,1,"14:03:05"
"2018-07-25",0.038461538461538464,3,4,3,"21:43:18"
"2018-08-13",0.08878504672897196,12,28,38,"11:37:52"
"2018-09-05",0.02702702702702703,9,12,7,"19:37:35"
"2018-09-05",0.0455026455026455,18,41,43,"21:26:28"
"2018-09-06",-0.04173913043478261,30,19,-24,"09:27:49"
"2018-09-06",0,0,0,0,"10:14:31"
"2018-09-19",0.14634146341463414,2,9,12,"22:23:21"
"2018-09-28",0.06042884990253411,6,21,31,"09:15:37"
"2007-05-13",0.027702702702702704,22,46,41,"19:22:32"
